-- Seed data for skill-based matching related tables

-- Clear existing data
SET FOREIGN_KEY_CHECKS=0;
DELETE FROM teacher_workload;
DELETE FROM teacher_subject_expertise;
DELETE FROM teacher_certifications;
DELETE FROM subject_areas;
DELETE FROM teachers;
DELETE FROM certification_types;
SET FOREIGN_KEY_CHECKS=1;

-- Insert sample teachers
INSERT INTO teachers (teacher_id, name) VALUES
(1, 'Alice Johnson'),
(2, 'Bob Smith'),
(3, 'Carol Williams'),
(4, 'David Lee'),
(5, 'Eva Green'),
(6, 'Frank Miller'),
(7, 'Grace Hopper'),
(8, 'Hannah Brown'),
(9, 'Ian Clark'),
(10, 'Jane Doe'),
(11, 'Kevin White'),
(12, 'Laura Wilson'),
(13, 'Michael Scott'),
(14, 'Nina Patel'),
(15, 'Oscar Martinez'),
(16, 'Pam Beesly'),
(17, 'Quincy Adams'),
(18, 'Rachel Green'),
(19, 'Steve Rogers'),
(20, 'Tina Turner');

-- Insert sample certifications
INSERT INTO certification_types (cert_id, certification) VALUES
(1, 'Certified Math Teacher'),
(2, 'Certified Science Teacher'),
(3, 'Certified English Teacher'),
(4, 'Certified History Teacher'),
(5, 'Certified Computer Science Teacher');

-- Assign certifications to teachers
INSERT INTO teacher_certifications (teacher_id, cert_id) VALUES
(1, 1),
(1, 2),
(1, 3),
(2, 3),
(2, 4),
(3, 5),
(3, 1),
(4, 2),
(4, 1),
(5, 4),
(5, 3),
(6, 1),
(6, 2),
(7, 5),
(7, 3),
(8, 3),
(8, 4),
(9, 2),
(9, 1),
(10, 3),
(10, 4),
(11, 1),
(11, 2),
(12, 4),
(12, 3),
(13, 2),
(13, 1),
(14, 3),
(14, 4),
(15, 5),
(15, 1),
(16, 4),
(16, 3),
(17, 1),
(17, 2),
(18, 3),
(18, 4),
(19, 2),
(19, 1),
(20, 5),
(20, 3);

-- Insert sample subject areas relevant to senior high school in the Philippines
INSERT INTO subject_areas (subject_id, subject) VALUES
(1, 'General Mathematics'),
(2, 'Calculus'),
(3, 'Statistics'),
(4, 'Biology'),
(5, 'Chemistry'),
(6, 'Physics'),
(7, 'English'),
(8, 'Filipino'),
(9, 'Economics'),
(10, 'Philippine History'),
(11, 'Geography'),
(12, 'Information and Communications Technology'),
(13, 'Accounting'),
(14, 'Business Management'),
(15, 'Marketing'),
(16, 'Psychology'),
(17, 'Sociology'),
(18, 'Communication Arts'),
(19, 'Technical Drafting'),
(20, 'Electrical Installation and Maintenance'),
(21, 'Automotive Servicing'),
(22, 'Food and Beverage Services'),
(23, 'Housekeeping');

-- Assign subject expertise to teachers
INSERT INTO teacher_subject_expertise (teacher_id, subject_id) VALUES
(1, 1),
(1, 4),
(1, 5),
(1, 6),
(1, 7),
(1, 13),
(1, 14),
(2, 7),
(2, 10),
(2, 16),
(2, 17),
(2, 13), -- Added Accounting for ABM
(2, 14), -- Added Business Management for ABM
(3, 12),
(3, 1),
(3, 18),
(3, 19),
(3, 16), -- Added Psychology for HUMMS
(3, 17), -- Added Sociology for HUMMS
(4, 4),
(4, 5),
(4, 6),
(4, 20),
(5, 10),
(5, 7),
(5, 16),
(5, 17),
(6, 1),
(6, 4),
(6, 5),
(6, 6),
(6, 21),
(7, 12),
(7, 7),
(7, 18),
(7, 22),
(8, 7),
(8, 10),
(8, 16),
(8, 17),
(9, 4),
(9, 5),
(9, 6),
(9, 23),
(10, 7),
(10, 10),
(10, 16),
(10, 17),
(11, 1),
(11, 4),
(11, 5),
(11, 6),
(11, 19),
(12, 10),
(12, 7),
(12, 18),
(12, 22),
(13, 4),
(13, 5),
(13, 6),
(13, 20),
(14, 7),
(14, 10),
(14, 16),
(14, 17),
(15, 12),
(15, 1),
(15, 19),
(15, 21),
(16, 10),
(16, 7),
(16, 16),
(16, 17),
(17, 1),
(17, 4),
(17, 5),
(17, 6),
(17, 20),
(18, 7),
(18, 10),
(18, 16),
(18, 17),
(19, 4),
(19, 5),
(19, 6),
(19, 21),
(20, 12),
(20, 18);

-- Insert teacher workload max allowed hours and teaching hours with period_id
INSERT INTO teacher_workload (teacher_id, max_allowed_hours, teaching_hours, period_id) VALUES
(1, 40, 15, 1),
(2, 35, 26, 1),
(3, 30, 28, 1),
(4, 40, 15, 1),
(5, 25, 25, 1),
(6, 40, 20, 1),
(7, 35, 22, 1),
(8, 30, 18, 1),
(9, 40, 15, 1),
(10, 25, 20, 1),
(11, 40, 15, 1),
(12, 35, 25, 1),
(13, 30, 20, 1),
(14, 40, 18, 1),
(15, 25, 22, 1),
(16, 40, 15, 1),
(17, 35, 20, 1),
(18, 30, 25, 1),
(19, 40, 18, 1),
(20, 25, 20, 1);
